[
  {
    "id": "1",
    "nombre": "Juan Perez",
    "img_g": "1",
    "img_p": "3"
  },
  {
    "id": "2",
    "nombre": "Maria Lopez",
    "img_g": "3",
    "img_p": "1"
  },
  {
    "id": "3",
    "nombre": "Carlos Martinez",
    "img_g": "2",
    "img_p": "2"
  },
  {
    "id": "4",
    "nombre": "Ana Rodriguez",
    "img_g": "4",
    "img_p": "2"
  },
  {
    "id": "5",
    "nombre": "Luis Garcia",
    "img_g": "2",
    "img_p": "1"
  },
  {
    "id": "6",
    "nombre": "Elena Gonzalez",
    "img_g": "1",
    "img_p": "3"
  },
  {
    "id": "7",
    "nombre": "Pedro Sanchez",
    "img_g": "1",
    "img_p": "3"
  },
  {
    "id": "8",
    "nombre": "Sofia Ramirez",
    "img_g": "2",
    "img_p": "1"
  },
  {
    "id": "9",
    "nombre": "Diego Castro",
    "img_g": "1",
    "img_p": "3"
  },
  {
    "id": "10",
    "nombre": "Laura Diaz",
    "img_g": "3",
    "img_p": "1"
  }
]
